src,dst
spe_brain,ccc_graph_list
spe_brain,spot_dist
ccc_graph_list,ccc_graph_tbl
spot_dist,spot_dist_base
graphST (mclust),z
ccc_graph_tbl,z
graphST (mclust),z1
ccc_graph_tbl,z1
LR,z1
z,z_avg
graphST (mclust),z_avg
z_avg,z_base
spot_dist,spot_dist_base_by_cluster
graphST (mclust),spot_dist_base_by_cluster
spot_dist_base_by_cluster,z_base
z_base,z_merged
z1,z_merged
z,z_merged
z_merged,LR_pval_across
LR_pval_across,LR_pval_within
LR_pval_across,LR_pval_between
LR_pval_between,LR_pval
LR_pval_within,LR_pval
LR_pval_across,LR_pval
z1,z1_avg
z1_avg,z1_merged
z1,z1_merged
spot_dist_base,z1_merged
z1_merged,z1_merged_pval